{"stats":{"minecraft:picked_up":{"minecraft:candle":4,"minecraft:rail":1},"minecraft:used":{"minecraft:chiseled_stone_bricks":1,"minecraft:stone":1},"minecraft:custom":{"minecraft:jump":92,"minecraft:open_chest":1,"minecraft:time_since_rest":29357,"minecraft:interact_with_furnace":1,"minecraft:interact_with_stonecutter":1,"minecraft:minecart_one_cm":6630,"minecraft:damage_dealt":20,"minecraft:crouch_one_cm":378,"minecraft:leave_game":1,"minecraft:play_time":29357,"minecraft:sprint_one_cm":17826,"minecraft:time_since_death":29357,"minecraft:walk_one_cm":14015,"minecraft:sneak_time":324,"minecraft:climb_one_cm":4304,"minecraft:total_world_time":29357,"minecraft:fly_one_cm":39910,"minecraft:open_barrel":3}},"DataVersion":3465}