{"stats":{"minecraft:picked_up":{"minecraft:candle":4},"minecraft:custom":{"minecraft:jump":48,"minecraft:time_since_rest":5357,"minecraft:minecart_one_cm":6420,"minecraft:damage_dealt":20,"minecraft:crouch_one_cm":311,"minecraft:leave_game":1,"minecraft:play_time":5357,"minecraft:sprint_one_cm":5048,"minecraft:time_since_death":5357,"minecraft:walk_one_cm":5883,"minecraft:sneak_time":246,"minecraft:climb_one_cm":3180,"minecraft:total_world_time":5357,"minecraft:fly_one_cm":18441}},"DataVersion":3465}