{"stats":{"minecraft:custom":{"minecraft:jump":95,"minecraft:open_chest":15,"minecraft:time_since_rest":16917,"minecraft:crouch_one_cm":2,"minecraft:sprint_one_cm":27212,"minecraft:play_time":16917,"minecraft:time_since_death":16917,"minecraft:walk_one_cm":33134,"minecraft:sneak_time":127,"minecraft:climb_one_cm":3358,"minecraft:total_world_time":16917,"minecraft:fly_one_cm":23767,"minecraft:open_barrel":1},"minecraft:used":{"minecraft:cookie":12,"minecraft:stone_sword":1,"create:crafting_blueprint":2,"create:orange_toolbox":1}},"DataVersion":3465}