{"stats":{"minecraft:used":{"minecraft:netherite_sword":2,"minecraft:villager_spawn_egg":1,"minecraft:cartography_table":1,"minecraft:elytra":1,"minecraft:enchanted_golden_apple":4},"minecraft:dropped":{"minecraft:enchanted_golden_apple":1},"minecraft:picked_up":{"minecraft:enchanted_golden_apple":1},"minecraft:killed":{"minecraft:villager":1},"minecraft:custom":{"minecraft:time_since_rest":12292,"minecraft:crouch_one_cm":234,"minecraft:play_time":12292,"minecraft:sprint_one_cm":6262,"minecraft:walk_one_cm":6390,"minecraft:sneak_time":47,"minecraft:walk_under_water_one_cm":3399,"minecraft:mob_kills":1,"minecraft:drop":1,"minecraft:aviate_one_cm":10582,"minecraft:jump":55,"minecraft:damage_dealt":210,"minecraft:leave_game":3,"minecraft:time_since_death":12292,"minecraft:walk_on_water_one_cm":391,"minecraft:total_world_time":12292,"minecraft:talked_to_villager":4,"minecraft:fly_one_cm":34349}},"DataVersion":3120}