{
  "minecraft:recipes/decorations/crafting_table": {
    "criteria": {
      "unlock_right_away": "2024-10-06 21:03:36 +0000"
    },
    "done": true
  },
  "betterdeserttemples:root": {
    "criteria": {
      "always": "2024-10-06 21:03:36 +0000"
    },
    "done": true
  },
  "betterdungeons:root": {
    "criteria": {
      "always": "2024-10-06 21:03:36 +0000"
    },
    "done": true
  },
  "biomesoplenty:biomesoplenty/all_biomes": {
    "criteria": {
      "orchard": "2024-10-06 21:03:37 +0000",
      "redwood_forest": "2024-10-06 21:04:16 +0000",
      "dune_beach": "2024-10-06 21:04:18 +0000"
    },
    "done": false
  },
  "biomesoplenty:biomesoplenty/root": {
    "criteria": {
      "orchard": "2024-10-06 21:03:37 +0000"
    },
    "done": true
  },
  "hopo:minecraft/adventure/all_mineshaft": {
    "criteria": {
      "locate_bamboo_mineshaft": "2024-10-06 21:07:33 +0000",
      "locate_vanilla_mineshaft": "2024-10-06 21:04:56 +0000"
    },
    "done": false
  },
  "meadow:main/root": {
    "criteria": {
      "seeds": "2024-10-06 21:08:16 +0000"
    },
    "done": true
  },
  "herbalbrews:main/root": {
    "criteria": {
      "seeds": "2024-10-06 21:08:16 +0000"
    },
    "done": true
  },
  "vinery:main/root": {
    "criteria": {
      "seeds": "2024-10-06 21:08:16 +0000"
    },
    "done": true
  },
  "hopo:minecraft/adventure/locate_mineshaft": {
    "criteria": {
      "locate_bamboo_mineshaft": "2024-10-06 21:07:33 +0000"
    },
    "done": true
  },
  "bakery:main/root": {
    "criteria": {
      "seeds": "2024-10-06 21:08:16 +0000"
    },
    "done": true
  },
  "brewery:main/root": {
    "criteria": {
      "seeds": "2024-10-06 21:08:16 +0000"
    },
    "done": true
  },
  "wythers:world_explorer": {
    "criteria": {
      "wythers:underground": "2024-10-06 21:08:46 +0000"
    },
    "done": false
  },
  "minecraft:adventure/adventuring_time": {
    "criteria": {
      "minecraft:sparse_jungle": "2024-10-06 21:07:37 +0000",
      "minecraft:dripstone_caves": "2024-10-06 21:07:30 +0000",
      "minecraft:plains": "2024-10-06 21:07:00 +0000"
    },
    "done": false
  },
  "DataVersion": 3465
}